path_yolu,baslik_h1,seo_title,seo_description,indexing,canonical,description,short_description,micro_line,notlar
/,Mersin’de Dövme & Piercing,Mersin Dövme & Piercing | Enki Tattoo,"Enki Tattoo Mersin: erkek/kadın minimal tattoo, kol-bacak kaplama. Piercing ve dövme silme. Realistik tasarım için WhatsApp’tan yaz, fiyat al!",INDEX,/,"Enki Tattoo’da dövme ve piercing tasarım seçeneklerini tek çatı altında keşfet: minimal & fine line, lettering, realistik, cover-up ve kişiye özel stiller. Kol, bacak, sırt ve göğüs için örnekleri; kulak, burun ve septum piercing takı stilleriyle birlikte incele. Tarzını keşfet.","Enki Tattoo’da Mersin’de dövme ve piercing seçeneklerini tek ekranda gör; stilleri gez, örneklere bak, sana yakışacak tasarım çizgisini birkaç dakikada kolayca keşfet.","Stilini seç, örnekleri incele; sana yakışan tasarımla tarzınla kendini keşfet.",Ana sayfa (yerel odak).
/kesfet,Dövme Stilleri ve Tasarımları,Dövme Stilleri & Tasarım Fikirleri | Enki Tattoo,"Minimal & Fine Line, Yazı/İsim Realistik, Portre, Traditional, Cover-Up, Blackwork, Atatürk ve Custom tasarımlarını keşfet. WhatsApp’tan yaz, fiyat öğren.",INDEX,/kesfet,"Bu sayfada minimal & fine line, lettering, realistik, traditional, blackwork, cover-up ve kişiye özel stilleri örnekleriyle görür, aradığın atmosferi hızlıca ayıklarsın. Kol, bacak, sırt ve göğüs için yerleşim fikirleriyle tasarım fikrini netleşir. Tüm stillere gözat.","Enki Tattoo’da dövme stillerini tek yerde keşfet; seçilmiş örnekleri gez, tarzları karşılaştır ve sana yakışacak tasarım çizgisini birkaç kendin seç.","Popüler stil örneklerini incele; sana yakışan tasarımı keşfet.",Hub giriş sayfası.
/kesfet/minimal-fine-line-dovme,Minimal & Fine Line Dövme,Fine Line & Minimal Dövme | Enki Tattoo,"Minimal tattoo, fine line, linework ve micro tarzında kol-bacak örnekleri; ince çizgi, küçük dövme ve sade tasarımlar. Hemen ulaş.Anında tasarla.",INDEX,/kesfet/minimal-fine-line-dovme,"Minimal, fine line, linework ve micro tarzındaki seçkili dövme örnekleri burada. Kol, bilek, önkol ve ayak bileği için ölçü–yerleşim alternatiflerini karşılaştır; ince kalınlık, boşluk ve kompozisyon farklarını gör. Sade ama güçlü tasarım tarzını seç. Tarzını keşfet.","Minimal & Fine Line stilinde ince çizgi örneklerini keşfet; küçük, zarif ve modern tasarım seçeneklerini yan yana gör, micro detaylarla sana en uygun çizgi tarzını hızlıca keşfet.",En çok tercih edilen ince çizgi örnekleriyle minimal tasarımını keşfet.,
/kesfet/yazi-isim-dovmesi,Yazı / İsim (Lettering) Dövme,Lettering (Yazı/İsim) Dövme | Enki Tattoo,"İsim, tarih, harf, el yazısı ve çift yazısı lettering dövme tasarım fikirleri. Kol/bilek için ideal. WhatsApp’tan yaz, fiyat al.",INDEX,/kesfet/yazi-isim-dovmesi,"İsim, tarih ve anlamlı kelimeler için lettering örneklerini bir arada gör. El yazısı, minimal ve daha belirgin yazı stillerinde; bilek, önkol, köprücük kemiği ve kaburga gibi bölgelerde ölçü–yerleşim ile harf aralığı seçeneklerini karşılaştırıp tasarımını netleştir. Hemen iletişime geç.","Lettering yazı/isim dövmesi için seçilmiş örnekleri keşfet; el yazısı, ince çizgi ve net font seçeneklerini karşılaştır, bilek–önkol gibi bölgelerde tasarım dilini kendin keşfet.",Okunabilir lettering örnekleri: zarif görünüm sevenler için ilham veren tasarımlar.,
/kesfet/realistik-dovme,Realistik Dövme,Realistik Dövme | Enki Tattoo,"Realistik dövme: fotoğraf gibi detay, ışık-gölge. Kol, bacak, sırt ve göğüs tasarım uygulamaları. WhatsApp’tan yaz, fiyat öğren.",INDEX,/kesfet/realistik-dovme,"Bu sayfada fotoğraf etkisi veren realistik dövme örneklerini tema ve yoğunluk farklarıyla incelersin: portreler, hayvan portreleri, manzara/doğa ve saat gibi obje işleri. Kol, bacak, sırt ve göğüs için ölçü–kompozisyon alternatiflerini kıyasla; sana uygun tasarım dili netleşsin. WhatsApp’tan yaz.","Realistik dövme seçkisinde sık tercih edilen portre, hayvan ve doğa/obje temalarını gör; kol, bacak, sırt ve göğüs yerleşimlerinde örnekleri karşılaştırıp tasarımını hızlıca seç.","Portre, hayvan ve obje örnekleriyle realistik tasarım stilini kendin seç.",
/kesfet/portre-dovme,Portre Dövme,Portre Dövme (Kadın/Erkek) | Enki Tattoo,"Portre dövme: kadın/erkek/çocuk ve hayvan portreleri. Kol, bacak, sırt, göğüs için tasarım. WhatsApp’tan yaz, fiyat öğren.",INDEX,/kesfet/portre-dovme,"Portre dövme sayfasında kadın/erkek/çocuk portreleriyle hayvan portrelerini bir arada incelersin. Kol, önkol, bacak, sırt ve göğüs için boyut–yerleşim fikirlerini gör; yüz ifadesi, bakış ve ışık-gölge detaylarına göre tasarım yönünü seç. Tarzını keşfet.","Portre dövme için insan ve hayvan portresi örneklerini gör; kol, önkol, bacak, sırt ve göğüs yerleşimlerini karşılaştırıp sana yakışan tasarım tarzını hızlıca bul.",En çok tercih edilen portre temalarıyla tasarım ilhamı; tarzını keşfet.,
/kesfet/traditional-dovme,Old School / Traditional Dövme,Old School & Traditional Dövme | Enki Tattoo,"Old school/traditional: kalın çizgi, canlı renk, klasik ikonlar. Kol, bacak, sırt için. Fiyat al. Tasarıma başla!",INDEX,/kesfet/traditional-dovme,"Traditional stil; kalın hatları, güçlü kontrastı ve zamansız ikonlarıyla ilk bakışta kendini belli eder. Bu sayfada çapa, kırlangıç, gül, hançer, kartal gibi en çok tercih edilen motifleri; kol, bacak ve sırt için boyut–yerleşim fikirleriyle birlikte incelersin. Renkli ya da siyah ağırlıklı tasarım havasını yakala; Tarzını keşfet.","Old school/traditional dövme için kalın çizgi, net kontur ve canlı renk örneklerini gör; çapa, gül, hançer gibi klasik ikonları kol, bacak ve sırt yerleşimlerinde karşılaştırıp tasarım tarzını seç.",En çok tercih edilen traditional ikonlarıyla kalın çizgi tasarım sevenler için.,
/kesfet/dovme-kapatma,Dövme Kapatma (Cover-Up) ve Dövme Sildirme,Cover-Up (Kapatma) / Dövme Sildirme | Enki Tattoo,"Cover-up: yeni tasarım ile eski dövmeyi kapatma,düzeltme veya dövme sildirme. Hemen teklif al.",INDEX,/kesfet/dovme-kapatma,"Bu sayfada cover-up örneklerini eski dövmeyi kapatma, yenileme ve düzeltme seçenekleriyle incelersin. Yazı/isim, küçük sembol veya dağılmış çizgiler için; daha net kontur, daha güçlü kontrast ve daha dengeli kompozisyonla farklı tasarım yolları görürsün. Kol, önkol, bacak ve sırt için boyut–yerleşim fikirlerini karşılaştır; En iyi tasarımı keşfet.","Dövme kapatma (cover-up) için eski dövmeyi yenileyen örnekleri gör; yazı/isim ya da solmuş işleri kol, önkol, bacak ve sırt yerleşimlerinde karşılaştırıp yeni tasarım fikrini seç.",En çok tercih edilen cover-up örnekleriyle yeni tasarım fikrini keşfet.,
/kesfet/ataturk-temali-dovme,Atatürk Dövmesi (Portre/İmza),Atatürk Dövmesi (Portre/İmza) | Enki Tattoo,"Atatürk dövmesi için portre, imza ve silüet tasarım seçenekleri. Anlamını konuşalım; Hemen ara. Fiyat al!",INDEX,/kesfet/ataturk-temali-dovme,"Atatürk temalı dövme sayfasında Atatürk portresi, Atatürk imzası ve silüet çalışmalarını bir arada incelersin. Kol ve önkol başta olmak üzere göğüs, sırt ve omuz yerleşimlerinde boyut–yerleşim fikirlerini gör; çizgi kalınlığı, gölge ve kompozisyon farklarıyla tasarım havasını yakala. Tarzını keşfet.","Atatürk dövmesi için portre, imza ve silüet örneklerini gör; kol, önkol, göğüs ve sırt yerleşimlerini karşılaştırıp sana uygun tasarım tarzını hızlıca seç, ilhamını bul.","Öne çıkan Atatürk portre, imza ve silüet tasarımlarıyla Kemalizm tasarımını keşfet.",TR özel hub.
/kesfet/blackwork-dovme,Blackwork Dövme,Blackwork Dövme | Enki Tattoo,"Blackwork: yoğun siyah ve keskin kontrastla güçlü tasarım. Kol, bacak, sırt örnekleri. Tasarımını seç fiyat al.",INDEX,/kesfet/blackwork-dovme,"Blackwork stilinde yoğun siyah alanlar, çizgi işleri ve geometrik/ornamental detaylar öne çıkar; minimal parçalardan daha dolu kompozisyonlara kadar geniş bir görünüm var. Kol, bacak, sırt ve göğüs için boyut–yerleşim fikirlerini karşılaştır; sert kontrastlı tasarım havasını yakala. Tarzını keşfet.","Blackwork dövme için yoğun siyah ve sert kontrast örneklerini incele; kol, bacak, sırt ve göğüs yerleşimlerini gör, sana yakışan tasarım havasını hızlıca yakala.",En popüler blackwork örnekleriyle sert kontrast tasarım sevenler için.,
/kesfet/kisiye-ozel-dovme-tasarimi,Kişiye Özel Dövme Tasarımı,Kişiye Özel Dövme Tasarımı | Enki Tattoo,"Kişiye özel dövme tasarımı: fikrini ve referanslarını paylaş; stil, ölçü ve yerleşimi netleştirelim. Fiyat al, tasarımını keşfet.",INDEX,/kesfet/kisiye-ozel-dovme-tasarimi,"Kişiye özel dövme tasarımında işin kalbi senin fikrin: anlam, hikâye ve referans. Bu sayfada minimal, lettering, realistik, blackwork gibi stillerde örnekleri görür; kol, bacak, sırt ve göğüs için boyut–yerleşim fikirlerini karşılaştırırsın. En iyi tasarımı keşfet.","Kişiye özel dövme tasarımı için fikrini anlat, referanslarını göster; kol, bacak, sırt gibi bölgelerde stil, ölçü ve yerleşimi görüp sana özel tasarım yönünü hızlıca yakala.","Fikrini anlat; sana özel tasarım fikrini büyüt, en iyi tasarımı keşfet.",
/galeri-tasarim,Dövme Tasarım Galerisi,Dövme Tasarım Galerisi: Tüm Stiller | Enki Tattoo,"Minimal & Fine Line, Lettering, Realistik, Portre, Traditional, Cover-Up, Blackwork, Atatürk ve Kişiye Özel tasarım örnekleri. Tarzını keşfet, teklif al",INDEX,/galeri-tasarim,"Bu galeri, dövme tarzını seçmeyi kolaylaştırır: minimal & fine line, lettering, realistik/portre, traditional, cover-up, blackwork, Atatürk teması ve kişiye özel çalışmalar burada. Farklı stillerin kol, bacak, sırt ve göğüste nasıl durduğunu görüp tasarım havasını kafanda canlandırırsın. Tarzını keşfet.","Dövme tasarım galerisinde en popüler stillerin örneklerini tek yerde gör; minimal, yazı/isim, realistik, traditional, blackwork ve cover-up tarzlarını gez, kol–bacak–sırt–göğüs yerleşimlerinde görünümü karşılaştır.",En çok tercih edilen dövme örnekleri burada; en iyi tasarımı keşfet.,Filtre parametreleri (örn. ?stil=...) sitemap’e girmez; noindex+canonical=/galeri.
/artistler,Dövme Sanatçıları & Artistler,Dövme Sanatçıları & Artistler | Enki Tattoo,"Dövme sanatçıları ve artistler: stilleri, tasarımları ve öne çıkan çalışmaları. Hepsini keşfet, tarzını seç.",INDEX,/artistler,"Artistler sayfasında her sanatçının tarzını ve yaptığı işleri netçe görürsün. Minimal, lettering, realistik/portre, traditional, blackwork ve cover-up gibi stillerde; kol, bacak, sırt ve göğüs örnekleri üzerinden farklar daha hızlı anlaşılır. Sana uyan tasarım havasını bulmak için profilleri gez. Kendini keşfet.","Enki Tattoo artistlerini tanı; her sanatçının öne çıkan işlerini ve çalıştığı stilleri gör, minimalden realistiğe sana uyan tasarım tarzını hızlıca yakala.",Öne çıkan artist işleriyle sana uyan tasarım tarzını bul; kendini keşfet.,
/artistler/halit-yalvac,Master Artist Halit Yalvaç | Dövme Sanatçısı & Eğitmen,"Halit Yalvaç | Master Artist, Eğitmen & Kurucu | Enki Tattoo","1995’ten beri dövme sanatçısı; Enki Tattoo’nun kurucusu, master artist ve eğitmeni. Uzmanlık stilleri ve tasarım yaklaşımını incele; Tasarımını keşfet.Bilgi al.",INDEX (şartlı),/artistler/halit-yalvac,,,,İçerik doluysa INDEX; boş/çok benzerse NOINDEX.
/piercing,Mersin’de Piercing,Mersin Piercing | Enki Tattoo,"Mersin'de Kulak, burun, septum, kaş, dudak, dil, göbek ve industrial piercing; takı seçimi ve tasarım uyumu. Whatsapp'tan yaz. Fiyat al.",INDEX,/piercing,,,,
/piercing/kulak,Mersin Kulak Piercing,Mersin Kulak Piercing | Enki Tattoo,"Mersin'de Kulak piercing: lob ve kıkırdak (helix, tragus, conch, daith, rook) seçenekleri; takı seçimi ve tasarım uyumu. Hemen ara. Fiyatları incele.",INDEX,/piercing/kulak,,,,
/piercing/burun,Mersin Burun Piercing,Mersin Burun Piercing | Enki Tattoo,"Mersin'de Burun piercing (nostril): halka, taş/stud ve doğru yerleşim; bakım ve takı tasarım uyumu. Bilgi al, iletişime geç.",INDEX,/piercing/burun,,,,
/piercing/kas,Mersin Kaş Piercing,Mersin Kaş Piercing | Enki Tattoo,"Mersin'de Kaş piercing: doğru yerleşim, anatomik uygunluk ve takı seçimi; tasarım uyumu ve bakım. Bilgi al, iletişime geç.",INDEX,/piercing/kas,,,,
/piercing/dudak,Mersin Dudak Piercing,Mersin Dudak Piercing | Enki Tattoo,"Mersin dudak piercing: labret vb.; takı boyu ve tasarım uyumu, ağız bakımı. Hemen ara, fiyat al.",INDEX,/piercing/dudak,,,,
/piercing/dil,Mersin Dil Piercing,Mersin Dil Piercing | Enki Tattoo,"Mersin'de dil piercing: minimal barbell, taşlı top ve renkli seçeneklerle stilini keşfet. Takı tasarım uyumunu seç; Fiyat al.",INDEX,/piercing/dil,,,,
/piercing/gobek,Mersin Göbek Piercing,Mersin Göbek Piercing | Enki Tattoo,"Mersin'de göbek piercing: taşlı bar, minimal top veya parlak detaylarla yaz stiline uygun tasarım. Tarzını keşfet, fiyat al.",INDEX,/piercing/gobek,,,,Slug ASCII: gobek.
/piercing/septum,Mersin Septum Piercing,Mersin’de Septum Piercing | Enki Tattoo,"Septum piercing: halka/clicker, taşlı veya sade seçenekler; doğru yerleşim ve tasarım uyumu. Fiyat al, iletişime geç.",INDEX,/piercing/septum,,,,
/piercing/industrial,Mersin Industrial Piercing,Mersin’de Industrial Piercing | Enki Tattoo,"Industrial piercing: iki delik–tek bar; kulak anatomisine uygunluk ve takı tasarım uyumu. Fiyat al, hemen ara.",INDEX,/piercing/industrial,,,,
/piercing/kisiye-ozel,Mersin Kişiye Özel Piercing,Mersin Kişiye Özel Piercing | Enki Tattoo,"Kişiye özel piercing: anatomiye göre yerleşim ve takı seçimi; minimal veya taşlı tasarım uyumu. Bilgi al, teklif al.",INDEX,/piercing/kisiye-ozel,,,,
/iletisim,İletişim & Konum,Mersin Enki Tattoo | İletişim & Konum,"Adres, yol tarifi ve çalışma saatleri. Dövme/piercing için tasarım fikrini paylaş; teklif al, iletişime geç.",INDEX,/iletisim,,,,Tek şube bilgisi burada gösterilecek (adres/harita/WhatsApp).
